Respondent_ID,Q1_Age_Years,Income,Household_Size,Survey_Weight
1,56,70585.6669482087,2,1.0912849996497647
2,69,39833.20860509924,2,1.3317280000898575
3,46,67302.97808011803,4,0.9314899967764418
4,32,44374.840574452784,5,1.3038540173482804
5,60,39587.81069738759,4,1.4068534278463187
6,-5,51647.90109564873,3,1.1177627936758499
7,78,55136.85377011271,2,1.3750023941498153
8,38,78672.94409764142,3,1.188260143624567
9,56,54793.06368303072,1,1.2459635859566336
10,75,52899.170927740786,1,1.1683949222367418
11,36,73942.1441585245,4,1.1242209017259392
12,40,59015.80916317305,5,0.9642574092430946
13,28,40335.87229748078,3,1.0122358416227324
14,28,70339.55577962288,5,1.0029790832605263
15,41,38905.71845855971,4,1.1943022516676702
16,70,40261.29082499436,1,0.883967585116723
17,53,37272.1895091813,5,1.4417541834916348
18,57,,5,1.3044586016981792
19,41,54997.59942259737,1,1.0810119416392356
20,20,46131.46753184685,3,0.9110369011684646
21,39,-2172.538204548342,1,1.417394518805145
22,70,45976.05407075731,5,1.3766446630708158
23,19,42231.316162915486,3,1.3052050869020255
24,41,63392.38046448283,3,0.9900829331878697
25,61,41551.12082809456,1,1.0817126462035682
26,47,88088.86686816339,5,0.8719237767166964
27,55,70951.90368155364,4,0.9323276673092722
28,19,44151.34413485333,5,1.3481116461217129
29,77,67244.34618249623,2,1.3005271031954786
30,38,57878.175690364216,4,1.2154400340831544
31,50,53501.986947203644,3,1.4270087081483211
32,29,62039.78383411144,4,1.208286562469132
33,75,50811.063113907294,3,1.1268775999745275
34,39,53605.267341162165,3,1.0382595224140339
35,78,62350.287744184476,4,1.458313954015321
36,61,80786.79112618235,3,0.8579008230670475
37,42,53767.92458329511,3,1.4516211604425657
38,66,,2,1.3787002619517128
39,44,19561.53717359017,5,0.8909509471749909
40,76,79419.55207945456,5,1.1954890503726774
41,59,46051.3743114206,2,1.4065835872243608
42,45,58022.139351219004,4,1.2002664145250077
43,77,78588.60855390491,1,1.4350398750924356
44,33,53414.034813957376,1,1.4600886717712296
45,32,47079.9460718378,1,1.095669165529014
46,79,71295.09466315617,2,1.0641195629844264
47,79,56911.05601345879,2,1.4554248077784098
48,64,,3,1.2725980428047676
49,79,27152.58694292359,1,0.8812158769437185
50,68,68088.72810863878,4,0.8296042244558769
51,61,55633.82101987468,4,1.195240335698084
52,72,29426.15930415314,1,1.4511196758068974
53,69,,1,1.390974091684073
54,74,19062.11489132376,1,1.2730934225250354
55,20,85129.62803769493,2,0.8973810942237613
56,54,33472.17800027359,2,0.9779619686240869
57,68,74176.89148577653,2,1.4128578585868312
58,24,37805.6667782202,5,0.9279650656598304
59,38,58403.385664560796,4,0.9949075857753042
60,26,36318.07615085752,4,0.8907204558368094
61,56,64956.7283284673,3,1.2732757619900879
62,35,46470.21887139122,2,1.4607876137542468
63,21,57016.69319311564,5,0.9882776221167702
64,42,50225.96572368492,5,1.1327846254950515
65,77,29515.028202745165,4,1.244037817797843
66,31,57561.60289535801,2,1.4996263737509414
67,67,42451.43771501378,3,0.8733656454983005
68,75,65679.69189511416,2,1.1489995596539964
69,26,46462.102877739846,1,1.06958408393175
70,43,48848.54136457502,2,1.4060741156556487
71,70,75243.89696559405,1,1.1331774117081592
72,-5,,1,0.8776842672096037
73,37,61790.50933568124,3,1.2440969017006085
74,45,45692.89853864922,4,1.339546432784716
75,64,44380.08007465784,2,0.8020168761659303
76,77,37719.8452202213,1,1.4012696797944408
77,24,40621.42724669665,2,0.9302161000039659
78,61,45895.85384744047,4,1.1864485552573645
79,78,79463.7945049235,4,1.0910582504812152
80,25,47041.674937197145,5,1.3037576716273713
81,64,31609.204937028462,4,1.0598131303500193
82,52,50624.97900688074,3,1.4088342236771976
83,31,52671.926386415966,1,1.311347452671153
84,34,50534.53189775684,5,1.2533992197440451
85,53,61995.36833877811,3,1.3573684168939981
86,67,51035.0826703855,2,1.3278161244498676
87,57,61530.912382209935,1,0.8251570724450874
88,21,38294.84968913427,4,1.0763140476913797
89,19,76710.94157217834,1,1.4515651081215428
90,79,53787.19682515378,2,0.8880069882945584
91,23,56003.284556105566,5,1.315967585302436
92,71,38232.321592800465,5,1.4822142679347308
93,59,57077.40486899594,5,0.8365390403314802
94,21,59765.97585005456,4,1.2775357164386274
95,71,32453.47349262365,3,1.1277078989107214
96,46,25113.62617418515,3,1.2054226787623055
97,35,54404.990354141984,1,0.8597389355390275
98,43,42668.45264816701,4,0.8301048663068576
99,61,53898.82203703594,5,1.2668066623856453
100,51,30634.458936528274,5,1.3763166008745025
101,27,26592.41128425994,2,1.347410734453077
102,79,53100.34194501615,2,1.180664009506366
103,53,44753.243585647215,5,0.8699067747953247
104,31,18339.507182747322,5,1.2816311106852096
105,48,70146.48227161594,4,0.9693222184879022
106,65,30385.14397724364,3,1.4377480919371686
107,32,88599.87428165649,2,1.3867857516819935
108,25,40639.74906667132,3,1.2965680769611736
109,31,56023.40852188998,4,1.4641921690817914
110,40,74704.23515580778,5,0.821995275057891
111,77,72191.50891743237,3,1.3153402975425335
112,74,79792.04609340325,5,1.0311699455354837
113,79,27153.856416794704,5,1.4342461199804557
114,57,32962.01753739129,1,0.9866726376633843
115,38,53389.95911141045,3,1.307399549520512
116,33,62596.21156846571,3,1.4143529137555468
117,62,49831.58834930543,5,0.8291597728678778
118,35,25430.089464299166,4,1.0783533057144252
119,64,57448.67238447199,1,1.3336163224153572
120,70,,5,1.118443222655311
121,41,46906.415615662,2,0.9870768408555167
122,43,15830.743732841642,2,0.953863744176233
123,42,61962.26306717472,1,0.8920627868414646
124,77,52178.060904281876,4,1.3999906918993976
125,77,76927.46834958445,5,1.2027487822760892
126,77,48882.38530203241,3,0.8534694614940193
127,62,58495.10195778534,1,1.0678062264994448
128,58,62477.272641578944,4,1.0574135555635769
129,46,23807.57662008213,3,0.9272174334966241
130,32,89250.4991990239,2,1.1048553378305335
131,62,43538.11418116075,2,1.0324695557751955
132,18,,3,1.0392625938445277
133,42,59608.73010423727,1,1.317318590451571
134,24,37778.23808014554,2,0.9562843698536374
135,26,77704.70497171405,5,1.2493019711987488
136,41,53989.32904031649,3,1.1994547367166544
137,18,46797.91044638999,3,1.197664758636507
138,61,52077.61943582664,2,1.264105142299243
139,25,61463.78297913535,1,1.1838674253369579
140,41,50161.9724721455,5,1.4154785803924692
141,28,63228.948655748594,1,1.272906064365182
142,68,24726.91791548391,4,1.1828742759599717
143,34,38780.45015260264,4,1.3808341842013514
144,25,17917.99527786027,2,1.224302595453436
145,52,79955.12235264419,2,1.0038009734496254
146,52,79759.88191527402,2,0.9449664427235999
147,50,59399.24101299477,4,0.9066294499638752
148,76,34810.72893630453,1,1.429618648782271
149,22,85848.17408327485,1,1.2970948022586462
150,59,40933.78282802432,2,1.4561649067150246
151,56,46801.89309642254,5,1.22230426400046
152,75,52393.00108596084,1,1.1313806170464389
153,58,56772.73913028454,4,0.8418015422796226
154,45,59657.03902556478,3,1.270149597082221
155,24,60259.424562116765,3,1.2075461318377618
156,26,47832.13871969143,3,1.493146225511335
157,25,60021.51427635069,5,0.9674111444475701
158,29,47161.88510756484,2,1.171516148700785
159,51,58689.55155308331,4,1.2556701345826509
160,50,57459.37666746163,5,1.2512138223196405
161,65,61442.709361971814,4,1.1929054800638819
162,72,59569.50048531448,4,1.3438496072290578
163,40,43363.51437633054,2,0.9434868466687716
164,79,56880.65257338519,3,1.3079390401920912
165,41,59800.996068723296,2,1.2338142000031624
166,54,30633.134165769414,5,1.4272525782562013
167,52,45889.33464153456,5,1.3930361073235074
168,61,59121.708368275,5,1.0206029273927872
169,57,75639.38742094433,2,0.9933661274826072
170,39,62373.50279193101,4,1.4871573266967135
171,44,76585.66980466394,4,1.1690856266406797
172,52,44024.39914734577,1,1.434494674740106
173,18,53752.85738371465,5,0.9147167166463376
174,52,62086.02949289177,4,1.249973240360122
175,54,15104.724297503344,1,1.3669021311524103
176,64,72662.0482717179,4,1.4631766747105128
177,31,22086.3517871803,5,1.0361380987119164
178,20,64954.101024176045,3,1.3074868189468367
179,18,60302.47685813969,5,1.1771691063277334
180,22,14906.104962276702,2,0.8424402482465277
181,43,15664.081146005039,4,1.2829998161162603
182,72,71487.22876178758,4,1.2830675907664904
183,31,68220.83089529822,2,1.4514247633925759
184,56,36787.04533267609,2,1.1481187123182808
185,-5,36771.816574339035,3,0.9611756444973603
186,26,57689.07458564331,4,0.8311946764140754
187,32,,4,1.090949530680134
188,32,,3,1.0113416900542513
189,43,57193.7138664963,1,1.3327618142167128
190,59,73745.46190934803,3,1.0479874353887326
191,77,,5,1.4643498374203907
192,30,60811.59573710866,4,1.473617142091449
193,68,44718.12919544489,2,1.2346360131523957
194,49,43620.18148757233,5,1.450062200910418
195,56,49223.61522942049,4,1.3325980411601468
196,66,77614.14604905812,3,1.1828017486825884
197,69,43905.87905915324,5,0.9262155547959448
198,78,53907.93480611024,4,1.121018560459688
199,49,16327.95638439036,1,1.1926121243538323
200,21,60137.13095066121,1,1.404773106514507
201,47,,2,1.1369333635749654
202,54,35995.428361056125,4,1.4283722708745696
203,40,97616.63205690138,1,1.2720442853164282
204,56,52733.6090698498,3,0.89589934413757
205,62,11406.031379234839,4,1.496486958527565
206,-5,44216.92640048133,3,1.1690628625277388
207,60,69956.57844903624,3,1.0743008074863551
208,46,79989.75809374706,1,1.2613796351286686
209,53,60771.47822377525,4,0.8762253197867274
210,30,73513.91631318451,5,1.2455770527273482
211,49,,1,1.148765200349491
212,24,39796.07619209138,1,1.0846718489990081
213,76,24808.110769973144,4,1.4671140148252295
214,68,40924.05386012145,4,1.1657778017124372
215,39,61428.784796534994,3,0.953382235628957
216,45,53189.83643574529,4,1.121274435564109
217,19,63017.735549947734,3,1.4435711832008709
218,59,35952.28973754895,1,0.9232668299314163
219,62,36867.124597822,2,0.9497699270817659
220,79,,5,0.8091206974299586
221,74,40960.28292042027,1,0.809933034577037
222,70,69527.73752240142,4,1.380574138870959
223,23,40588.716734337846,5,1.3124858247900693
224,45,,2,1.048528739516371
225,45,56282.591208027305,2,1.2888178100593009
226,61,44160.677124087604,3,1.076644148416979
227,61,,5,1.4670277571984793
228,37,33509.66262751867,3,1.4769368769982245
229,47,,1,1.0749556430665403
230,79,29619.327281569094,5,1.3979553344386075
231,28,70957.46641323216,1,1.3411623291882262
232,75,39644.010735473756,3,1.0169999560202525
233,72,59243.237254520915,5,0.9624278802307742
234,45,40543.810639555486,3,1.1207642552749837
235,42,36271.37930005453,5,1.3469441884300843
236,56,53691.55523435273,3,1.472117449310122
237,79,657767.5200523849,2,1.334505348206601
238,50,46289.48373709843,3,1.398644889512859
239,18,49017.839693638096,2,1.2221450143193615
240,74,62111.26041624202,3,1.3847854815894882
241,44,62607.90875377334,5,1.3490946006023923
242,79,49422.62419970388,5,1.063889879348396
243,74,43347.801612720665,5,1.1863932114845048
244,69,51239.83939167547,4,1.3633271853927864
245,30,47136.327629174855,1,0.8322397139329695
246,58,54694.612277252774,5,1.365655497649081
247,-5,32085.94359731371,2,0.9245216868343165
248,56,54157.7236903812,5,1.1602785319850073
249,23,39225.44875743877,4,1.3657928076891563
250,25,63588.314172357546,2,0.9776747547096865
251,44,39912.98225944227,4,0.9720652075143071
252,26,40173.35349213602,2,1.0819350789235762
253,79,56680.982366176104,3,1.4262499583043442
254,54,50213.178332242955,1,0.8003099470060455
255,50,84149.77439598256,1,1.4309681676493544
256,68,25560.460841686214,4,0.9076649172491255
257,59,51647.794204321166,1,1.4930604632472373
258,61,66944.74227458556,4,1.4683928951269278
259,41,41325.29115609049,4,1.1462726327138983
260,32,36341.6323289018,4,1.1589041734688397
261,76,36937.030285305074,1,1.137084538193098
262,71,25820.582305248732,4,1.244810551961666
263,49,70245.56940966043,1,0.8635051915644518
264,49,45055.739872903876,4,0.8228325638390966
265,41,43279.59290299654,5,0.8403920498911293
266,58,18138.528885047395,4,1.11105574446906
267,69,28494.371413071727,2,0.9928835574536384
268,66,71980.8463327864,4,1.2354276936596957
269,79,54546.58499150868,3,1.4947096025623452
270,66,,4,1.070426221153526
271,75,65599.88659744745,2,1.2016888778731594
272,69,34990.695791405895,2,1.090922727135135
273,29,86447.71592980954,1,1.3930901674053016
274,79,79245.98893401845,5,1.4315654824235666
275,56,41543.503368154474,4,1.414148928543682
276,19,-3523.0794903982314,1,1.4820605670754803
277,20,44652.01865083885,5,0.8192634295982908
278,66,53574.44393182173,4,1.3878713135018717
279,54,41484.214478364636,3,1.3262405211273653
280,66,46677.16854972924,4,0.9600860865802554
281,73,37570.12945493308,2,1.4694240653712694
282,34,63824.52077530771,2,0.9037245497609618
283,76,50954.49860552833,3,1.2756849489937359
284,66,64272.71094414431,1,0.9574231517711388
285,19,68333.05019311905,5,1.1019664541418523
286,19,17385.146538700297,4,1.3034119278611982
287,45,38442.166837488454,2,1.1943272494231327
288,71,40639.56059539184,1,1.0992512819296782
289,40,88570.58539533174,3,1.028436901652391
290,54,52235.08050350486,2,1.3877617589961533
291,49,62188.40894544596,3,0.9006700452203696
292,50,21789.62346088233,4,1.10107201357086
293,18,52148.23178746282,5,1.4326303002425995
294,36,64674.394731743865,2,1.3920946853219773
295,79,62929.47627590234,2,1.0806592337311327
296,19,59350.99158374527,4,1.334175854520916
297,70,50195.007597426884,1,1.3762125814962016
298,61,50923.52930938177,5,1.4222211968025409
299,43,24601.00737935316,2,1.1811540383344596
300,49,36492.00672219285,5,0.9431226202382983
301,23,53464.15934582245,2,0.9787163535527522
302,49,39260.36289610692,5,1.006986271829123
303,72,60332.57370549177,3,1.2156617365667308
304,21,57001.73825397294,2,0.822966736890026
305,72,70510.5538208299,5,1.2452297281459779
306,28,64373.80739228857,1,1.0550479668997625
307,73,53408.92113701852,3,1.0066692617427495
308,76,61219.706510928736,3,1.4156475995096884
309,34,65076.53243449484,1,1.1220016769065593
310,55,,5,0.866537131872885
311,41,45060.03502520297,4,1.3787227376183728
312,22,48547.60943909884,1,0.8333488802055546
313,69,42867.04183753476,5,1.3087244569177376
314,51,65235.30417595226,1,1.3417343552394656
315,23,40590.34187484044,1,1.0468218241502008
316,39,68774.77207099737,2,1.3773514993944507
317,28,44495.40201679426,5,1.1609615840995176
318,65,57085.94964259037,4,1.1243055572909577
319,33,52496.22723144333,2,0.8317822970280848
320,50,35360.302875625,1,1.0030204355542343
321,26,49701.654057638145,1,1.45170697961971
322,77,55004.65297175896,1,1.07427677429845
323,76,49035.60969334253,5,1.182690364389738
324,23,29859.401622405738,5,1.1724151752889762
325,33,75521.43865289257,2,1.2133017628758853
326,46,51315.49224292604,4,0.8429316689502979
327,20,,2,1.0535233783591098
328,37,74311.52035200912,3,1.306189791717788
329,77,59260.84714580488,1,0.940392175751088
330,76,31997.450053975863,1,0.9425048642824523
331,53,34332.57880400182,1,0.8070634246823174
332,36,46664.07920168237,2,1.1062373486257469
333,43,54459.60468274733,2,1.4179140664713954
334,20,59341.99747195883,1,0.8363306605111164
335,36,64252.67719292852,2,0.9337830966472018
336,37,58093.58609600214,5,1.0170591768399286
337,49,70201.18967961494,5,1.3122073155949492
338,24,51901.897395207045,2,1.2484449149618106
339,69,38605.40929282667,1,1.0911607332072986
340,58,49949.7369551154,2,1.331348257480863
341,50,48965.29009481312,2,1.2267417081598313
342,57,11326.76855506262,2,1.4272285597600534
343,56,41579.49711356512,3,1.372618724397085
344,35,54713.05599425676,5,0.9769695242624404
345,57,,4,0.9900070043439402
346,18,40306.85957265501,4,0.88774953305467
347,28,63670.64293706846,3,1.0358753080022196
348,45,36251.81262836841,2,1.499680743103366
349,74,60674.33975706234,3,1.0840258180305427
350,42,30008.83293817573,3,0.9543419042823745
351,67,91411.42903589277,1,1.3337380191328871
352,40,46764.71709648114,5,1.1797297024238593
353,48,45151.02066055916,4,0.9047210146688668
354,47,67145.98854334878,2,1.066482776812606
355,59,43719.42738790327,4,1.0901288008775403
356,52,71823.91712488499,4,1.3276807903984529
357,24,55573.9074572979,5,0.8144699582243332
358,77,48224.03149180656,4,0.9883137527588174
359,33,46624.91144944437,4,1.1623174109208654
360,43,68113.88255645393,3,0.9881927197169904
361,65,53457.308219052546,5,1.2399038331932992
362,74,56484.63096786155,1,1.1373072354922316
363,69,58115.02808905443,2,1.0531971784017065
364,77,51994.042778340365,4,1.4644460388093585
365,66,57798.08339524975,2,1.2425116494305202
366,19,48225.14865978514,1,0.8909589605875589
367,18,49252.87052260136,2,1.1920641882103769
368,65,33213.27607959937,1,1.3465122972406307
369,79,54466.40376377596,3,1.2959427882449581
370,29,24206.884899316694,4,0.9204624605066816
371,22,54253.37105916369,1,1.4806939993280723
372,54,45790.75975752778,2,1.1141695520226242
373,49,55618.77664176467,4,0.9113175026181829
374,76,34267.57498877486,3,0.9261370278897036
375,72,18209.639479420366,4,0.8687644945323564
376,26,44737.02039539691,1,1.362462675904454
377,58,34311.30996714353,3,0.8854213460252941
378,52,23291.649751842764,2,0.8875876799992228
379,36,61519.749045418546,3,1.3953301303325865
380,65,74018.5734071306,3,1.0412228591132917
381,33,38045.72846338175,5,0.8216005330156507
382,20,48863.437591678194,3,0.8363267096628877
383,37,45383.21574980282,3,0.8995193126927269
384,41,40116.52367035695,4,0.9493753435829827
385,71,59956.05820832032,2,1.2656023359668838
386,73,65152.121906429275,4,0.9101283960012798
387,50,36970.89216101594,4,0.8832120738239504
388,41,50671.503006423554,1,1.3353033990333953
389,69,69267.99550900841,4,1.2697386987019401
390,28,,5,1.1047269550186654
391,66,62565.46157600733,5,1.1845168400360728
392,25,70519.77961163622,1,1.018388814228493
393,53,70322.67758559875,2,1.1377502941647526
394,55,65429.639454545984,2,1.154670854287922
395,57,52174.06122171771,4,1.0710660898246671
396,37,44262.75473812862,4,1.434600547470514
397,79,51552.16647969778,4,0.8112433054867043
398,52,41983.89970964947,2,1.3475198841638725
399,65,20712.696904839766,3,0.8870679818689271
400,79,45807.514012999396,5,1.3582831523760395
401,42,55362.89365755831,3,1.231138340973705
402,52,41190.958733507316,3,1.3902946636554816
403,42,47108.303191420884,2,0.8682600279486282
404,46,47689.449260499016,3,1.1912864438698418
405,35,70352.85161328333,1,1.150761516183538
406,63,446084.4088962646,4,1.2943352280743512
407,35,70349.50073275181,1,1.1740033863255732
408,19,9312.642622280393,5,1.178514196993173
409,71,70217.83671993554,4,1.1007171605032453
410,52,69461.09172293937,3,1.0161840968051385
411,33,63533.820100837875,5,1.1375850528765346
412,78,,4,0.8829446511378805
413,58,65283.30492833722,3,1.4730593372881593
414,53,49248.212364871244,1,1.3000875345386187
415,50,12059.938401130094,4,1.4667269816814927
416,21,69472.66561752044,3,0.9587091676309742
417,50,71662.59617823453,1,1.4155387141235698
418,31,21432.31892202243,5,1.366152989194477
419,38,52631.3161295017,5,1.2740066887203716
420,65,70828.86682166274,5,1.237520430259644
421,37,68452.4197018572,5,1.021584765687509
422,-5,,2,1.3714875494755217
423,25,10291.206801537373,4,1.1510608230358137
424,24,60943.14149953721,4,0.8496241031238998
425,20,46728.44152439086,2,1.019004212598591
426,34,64937.86293077742,3,1.4547079689817295
427,50,53842.42187650737,3,1.3954761824233923
428,65,,5,1.4873339886535775
429,29,59613.557741138546,1,1.2395953678228686
430,76,47421.29943392363,3,0.9732570511982884
431,68,49635.84080162087,1,0.9139705347738046
432,39,41671.64001306857,4,0.9308401084259232
433,72,25918.865132231564,1,0.8138569608430781
434,39,58517.80210656907,4,1.0734774776901574
435,63,37909.54520494145,2,0.9339993763496798
436,47,46988.122009388986,2,1.0881588223196919
437,55,54304.609376809,5,1.4544961022871359
438,55,18721.735346518417,3,1.101378146655033
439,62,,5,1.4145891478893844
440,68,45503.92135086196,4,1.2238533366311135
441,71,56818.452234494835,5,0.9729920882629743
442,25,61160.57405973742,1,1.049098331481448
443,44,26130.282561861393,4,0.8587436750750006
444,44,,2,1.0334238155172073
445,51,46323.95572525496,3,1.274278661852474
446,38,36752.641323552845,4,0.8504777650506047
447,47,,4,0.9437809859346206
448,50,62027.8599806025,1,1.067008728989318
449,45,54110.08677628357,3,1.4874346759111736
450,64,50754.59784132981,2,1.3494032760712162
451,50,,4,1.3134407225444726
452,22,63921.4666492429,4,0.8813336695678122
453,77,48543.50648895015,1,1.346697125530494
454,78,50814.78329681355,5,1.3496881680612107
455,65,67072.56110206708,2,1.2207718869370299
456,36,45026.20063605262,3,1.4932532473988602
457,21,59272.108929210226,4,1.0276777341471863
458,52,42444.43278990288,4,1.4588907137692961
459,66,43761.98987882323,2,1.4403117804695524
460,34,48439.25364800545,5,0.8080364618245646
461,61,57729.09279480148,4,1.1150815685323678
462,45,67912.72943826603,2,1.4839729631361014
463,47,51448.178953081624,1,0.8721849536856531
464,46,27502.446330146835,5,1.1834492860683237
465,63,59471.69440300907,3,1.4852702549287728
466,70,86807.63261218564,4,1.188846796874102
467,23,51630.032466010256,2,0.9328707120805092
468,52,24368.48541230631,1,1.2075282610648128
469,77,52544.79334206277,3,0.9431084017646828
470,58,49954.81095224241,2,1.163792984026139
471,54,48693.367349564156,2,0.8518295525386437
472,41,64181.14849965699,3,1.2238378684500832
473,46,70674.12179503587,1,1.1617529573897107
474,66,60253.78617801624,1,1.3181129581330242
475,63,48004.128729933975,5,1.2414903298111495
476,70,66885.18176554445,4,1.1847243879715297
477,48,27592.55538178639,3,1.2828451944736847
478,52,39259.158188990084,3,0.9007593395005616
479,77,40930.58332097405,3,1.216751762881023
480,50,49535.74028102098,1,0.9204774219759444
481,69,57601.01993730257,4,1.4478655454963167
482,78,46989.305774940745,5,0.847833873391923
483,38,36409.46308246588,2,1.1012623247835553
484,49,64622.754270441954,2,1.2870582343588115
485,40,46468.149166929594,3,1.120615548167781
486,50,,4,0.8644666772630317
487,20,58266.016182138614,1,1.187365311288695
488,35,,4,1.2491423361791483
489,42,50649.07542116435,4,1.2926546176933553
490,59,65457.10130653744,1,1.0612818701239313
491,48,52270.54211855565,3,1.1945619797201337
492,71,62941.954786857335,4,1.1154805324572392
493,75,58170.01166477585,2,1.2704392271265774
494,20,80253.31316280374,1,1.208489877127373
495,57,56141.20126803695,5,1.1680293536913944
496,63,59569.59905226159,3,0.9746670567867741
497,41,66524.85070994552,1,0.8014129624237638
498,67,50954.26639925255,5,0.9218571727180005
499,49,40432.20354905839,5,0.8819462289969181
500,64,42887.816283148146,4,1.1143593215076628
501,39,43032.39611746268,4,1.2285807055332914
502,40,35745.03547704923,4,0.9491595060793657
503,19,54767.07753802826,1,1.457339967177031
504,44,40557.25177926374,1,0.8046774904567215
505,59,52922.79231802771,3,1.3406107106157399
506,19,47619.88334434046,4,1.2376433386713095
507,43,49375.677600612275,5,1.0614883607333774
508,34,58340.84971743284,2,0.8353422610886856
509,57,41871.51313417178,3,1.2392406002489955
510,50,59583.3656890516,1,1.0699294590059536
511,26,73509.61799958428,3,1.4553869975892533
512,60,55146.63624427638,3,1.1793930524228362
513,71,38268.56472091297,3,1.4577560579054558
514,65,40774.72982990305,3,0.9543385854313129
515,56,46276.056488223265,2,1.3080081372548724
516,46,41076.64554395651,4,1.232074314594108
517,59,35132.29535584925,5,1.3175857608819181
518,72,52316.10915442538,3,0.9502675047807758
519,43,46682.04002411302,3,1.2654961613664417
520,52,52845.81325337087,3,1.1486282751398083
521,67,67795.81118322932,4,1.3199774824344215
522,42,46454.70749113461,1,1.0289312509062725
523,41,32218.699929795333,1,1.423039917825677
524,30,44016.61261619673,2,0.8590109202279453
525,77,61556.37825674964,1,1.3650325231538316
526,75,60151.55406075432,3,1.4029237380705637
527,24,57779.59471420351,3,1.372076617956775
528,74,40629.39915256845,3,1.1589084759832433
529,53,61278.53927049048,2,1.106869486021533
530,62,64653.48617055599,3,1.4973836005674137
531,37,39568.67555165036,1,0.9604203658499135
532,18,49376.44853686213,4,1.1828131761132312
533,25,80306.02945523168,4,1.269472867767628
534,63,38901.885853049185,5,1.2906073451030025
535,33,24423.69996134413,1,0.9428172660170051
536,31,70743.56651697197,3,1.2577958646378609
537,29,67049.0715755684,4,1.372858696536936
538,68,43145.49014633863,1,0.8350130037747786
539,40,48305.1232719787,4,1.4380649053277215
540,32,31625.974247165715,3,0.8206528386016442
541,45,51334.284089145534,4,1.049179722741876
542,51,67488.705730571,5,0.8110692373630735
543,19,41860.92737362583,5,0.8540016179777074
544,-5,63156.52968179439,4,1.4378177996260555
545,40,56955.85786085648,1,1.0484025815223035
546,39,58667.253363217096,1,1.097340071297537
547,68,42735.362291204474,1,0.9507410669677869
548,42,44680.637255997586,4,1.2179670391307038
549,75,22298.413482928976,1,1.2163622502744529
550,79,41499.95881234841,3,1.0605402742776535
551,78,,5,1.0331244102637789
552,39,36060.017088465895,3,1.4194750157264115
553,75,38295.47519214643,1,1.068298967749541
554,75,59602.84735560686,3,1.1454506945080858
555,39,56041.5243798964,1,0.9983133336974515
556,66,60347.94874694451,4,1.3507386523499891
557,69,32551.69189864394,3,1.078213709829364
558,59,88460.8692395052,4,1.1595277325810271
559,23,31763.699387491244,4,0.977350019041763
560,32,52313.709706011025,2,1.4913617146388762
561,71,47620.167561971204,1,1.004047018646606
562,60,32200.37723952429,5,1.3395197716338862
563,77,44446.858657801255,1,1.0992469552497315
564,54,50349.61401328805,5,0.9443521835588979
565,50,40250.40182204795,1,1.3598031347754027
566,25,64058.35432302274,4,1.0335247523203304
567,70,47575.613818062935,3,1.4056353431784676
568,77,29880.8799347257,3,1.440680029442476
569,61,28608.117009960544,2,1.4018766847738933
570,61,59092.476359171844,5,0.824505540364764
571,22,27698.438259494957,5,1.351161341503574
572,56,54746.39109573625,5,1.0879376265494007
573,21,56669.82778500439,4,1.4116060441275575
574,23,35069.669541139745,5,1.246567983879317
575,62,63361.071256623356,3,1.383550193900771
576,49,24233.095643575518,4,1.1496022389067848
577,69,54446.88400997838,1,1.174517853219253
578,47,49387.130996059874,5,0.9010713424935671
579,64,48215.0303640366,5,1.3487911510825488
580,52,32331.550355291412,1,1.0935727281668801
581,72,35944.66993400111,5,1.1500560827901078
582,57,74282.03037530897,1,1.3495683998669952
583,69,68227.3251330763,4,1.2191917800556074
584,33,61131.268827856984,3,0.9407691092098672
585,30,64097.72155294532,1,1.213162861405625
586,67,62690.20317006903,2,1.085343000585759
587,77,45149.65681570687,1,1.128667879430704
588,59,50714.05327721527,5,0.8198178920818675
589,47,,4,0.9470205446613972
590,36,48654.56559788711,4,0.9967266569667198
591,34,67751.2137430878,1,1.299072005501164
592,73,40089.39127614297,3,0.8080447313086807
593,36,65347.118070308396,2,1.0861440828603923
594,45,51373.78608040645,4,1.446818809298013
595,75,29219.422014954016,5,0.8783164315843868
596,72,33390.207299805326,5,1.1614970717530277
597,43,63789.54304561632,3,1.3505656676735929
598,54,58287.861278875775,4,1.4597719152640818
599,43,51526.46109481438,1,1.3227436476736028
600,70,45889.52278628082,5,1.3043958840510843
601,79,53158.51966442878,3,1.3785416631370337
602,40,63204.443738798735,4,1.1123408546842806
603,26,72137.79920730928,4,1.3640911728324832
604,29,72855.26299160907,4,0.8055750833218158
605,70,55579.39851137747,4,1.4471927387637633
606,18,47421.02464453219,4,1.1103145566620227
607,75,,5,1.1873661315060233
608,-5,57831.8053588262,3,0.9784175742404176
609,18,57771.00415767637,4,1.319771582988295
610,64,69619.79955710158,2,0.8536450645326742
611,51,81736.33582874983,2,1.4108450617827848
612,49,46921.180555788706,3,1.3796817803044399
613,79,82338.27363236694,1,0.9512420813713365
614,71,67583.5887013759,1,1.3665270787996837
615,65,48487.65514722188,1,1.350450413143037
616,42,72478.4725829762,2,1.2425516184277643
617,57,75284.72452128747,1,1.0614641238297813
618,62,43095.5683370923,5,0.9900491279273076
619,70,75983.22878728472,4,0.9622485132025451
620,18,66126.24231553945,2,1.023026273934525
621,33,85528.38691968788,3,1.4324909104027712
622,78,43639.421270007515,3,0.8543485431921469
623,56,44698.59884396006,4,1.380209893377071
624,22,19600.0680538499,2,1.0442230525292766
625,39,58567.90880851943,1,1.1651195772079508
626,46,55628.768834280774,1,1.3561399435539436
627,72,41555.094926965,5,1.4190635829160798
628,20,48772.23902767913,5,1.0413469940508528
629,29,30331.68484737327,1,1.1232904368925771
630,43,67976.67429247529,3,1.0901612453717546
631,33,42654.50788207535,3,0.8092757234527375
632,68,96410.73523431427,5,1.0071600222010597
633,54,47365.980489334506,4,1.1214324636127933
634,39,38605.717384275355,1,1.087765526216308
635,74,43815.303218977075,5,1.3053504592609757
636,46,28820.58535183623,5,1.0693625320547722
637,31,57234.07836054413,1,1.1425635142794692
638,45,43701.50450331317,1,1.1007260144926545
639,22,66968.79185596606,3,1.3184383042260595
640,64,45878.787572383735,4,1.4040806792908738
641,66,70766.6316752847,4,1.17232235530526
642,47,61361.83623975561,1,1.3526025359366338
643,63,,2,1.0077506774138953
644,79,73703.48881026232,5,1.178958727110088
645,69,64284.40191555814,5,1.0416609675689807
646,22,94193.19239994838,1,1.0899406479002813
647,29,43858.17132532693,2,1.312689705368868
648,33,51149.24158187691,3,1.417163737632899
649,43,73530.63516516394,1,0.8850467737614358
650,43,26846.932822473314,1,1.2442474795411664
651,65,69754.15344848843,5,1.207500665304459
652,38,56589.54136522206,1,0.8828905274231523
653,56,36676.83866829128,1,0.9483260313080764
654,53,29554.405121733176,1,1.0177017463128761
655,50,39912.65790304574,5,0.916851749572251
656,79,15727.706415116423,3,0.9706106377670393
657,47,42656.908344627445,3,0.9873205592031953
658,54,59338.345000138725,1,1.0349716831273417
659,40,42855.49038546758,5,1.3245733169608114
660,75,70824.69052150712,3,1.2003385426954205
661,27,74899.21404087932,3,1.4903726703659812
662,71,69134.66723938662,3,1.0903150788772298
663,22,53459.613653965476,5,1.3277055516858476
664,53,15129.81091270296,5,1.4100278949635736
665,51,39444.53761951091,1,1.2752849451266295
666,69,47869.422098384195,4,1.0883053182922473
667,48,36591.985257427834,3,1.327516241522027
668,27,47907.417867701435,4,0.9425669964408794
669,75,74151.01203040069,5,1.0292865156260926
670,36,25313.35205727023,5,1.1826796785695022
671,75,77175.3808417854,5,1.2027865711003038
672,49,,4,0.8154990328308407
673,18,54023.25212416543,5,1.4615799321292062
674,73,39295.75166388854,1,1.287639089852173
675,22,36890.74481762862,5,1.1469926251623237
676,62,25606.734281168905,2,1.4531890640858158
677,21,75751.48220471581,4,1.10736689567558
678,33,73064.17340111062,2,1.4863048991892602
679,41,28905.730571250766,5,1.1585993300704396
680,33,41710.58007640698,1,0.8800000389985857
681,72,56497.17153847863,3,1.335360680721494
682,19,45507.36292741688,5,1.2752284075544884
683,66,21219.878644522734,1,1.3410907049139107
684,45,40133.40859166467,4,1.4660094201079767
685,49,79265.51447030029,2,1.3435425118557127
686,44,41150.32114378334,2,1.2279356215516528
687,37,47547.98994946689,2,1.4001162316525886
688,41,32822.33863946929,4,1.2712725075481721
689,29,58816.44477925622,1,1.0856833397781462
690,67,51727.27698536876,4,1.4199338349692412
691,52,38869.70387664532,2,0.955330322549061
692,77,30430.169062888624,5,1.300248892436107
693,50,71068.15061016314,3,1.41709441845853
694,50,25916.848900383797,4,1.3119215637923074
695,78,57557.23543384332,4,1.2880927933376998
696,68,17691.811329326403,1,1.3268468058502854
697,60,60608.17524518574,1,1.1255386738104511
698,54,64554.48330890091,4,1.4119194775099182
699,29,66421.75567459871,2,0.9424055325952638
700,20,47581.87297145198,3,0.8891704912002375
701,18,73760.05408345544,1,0.9998561460829581
702,50,84616.87542494101,2,1.1721041777424952
703,57,45175.65295931055,5,1.1573932567865368
704,27,43234.92454805109,1,1.3744191303736106
705,60,52237.65890517404,2,1.0831980594828123
706,61,42834.79781158689,2,1.1390410984040562
707,46,40641.94705984819,3,0.809357378281577
708,30,,3,1.0868174655100573
709,29,75736.34012009368,5,1.2534419630652396
710,48,61578.22992553148,2,0.8108558314386146
711,63,42785.80809112863,2,0.9966173756303707
712,-5,13173.12461416571,3,0.945569451502573
713,78,26833.032595902987,1,0.8293898002367118
714,68,57551.43623902817,1,1.1354820629401763
715,67,18176.66087916774,4,0.9272063052597096
716,52,54394.90291177934,3,1.3201570777419662
717,40,34016.544127024616,4,1.393549518634344
718,34,51377.0866187101,3,1.1819096278684036
719,43,50957.84452001214,5,1.4871951397647991
720,25,518088.49008360656,2,1.1153350000294169
721,46,44083.672293822194,5,1.1593577471574408
722,43,43590.715615884015,3,1.492452427770425
723,27,39188.14371595342,2,0.9620839051755342
724,43,57258.38475862835,1,1.4597821577738337
725,79,62077.89012171423,1,0.8299862885833793
726,51,31715.412161958106,4,1.1124708231842364
727,68,49225.57291561596,3,0.849002458493146
728,58,52948.73110231607,3,1.31046432003955
729,24,52756.56701934563,1,1.2258862551160123
730,21,52501.544293947765,5,1.2946439844273174
731,75,43969.47784482164,2,1.062136279977612
732,70,54185.456381938086,5,1.0586373538219662
733,67,59270.4306647543,5,0.8317234952726262
734,62,,1,1.0449614576707478
735,28,57589.09754800586,1,1.4505018815834416
736,46,64855.3011655626,1,1.0654585760263142
737,73,22235.89463157098,4,1.381957394355379
738,53,641519.5762798052,5,1.3896278533249538
739,42,55136.41647831912,3,1.0612688094654636
740,38,33325.6200839191,2,1.2423920762773324
741,78,62037.06323479533,4,0.8667601215911411
742,74,44025.18640964058,3,0.8725750065139936
743,53,46070.503455221704,5,0.8340603645631993
744,27,42384.80326301507,1,1.2067105653625767
745,54,54535.98266357337,5,1.0982496843382679
746,26,38219.7028623192,2,1.1836226496649682
747,41,63522.119449216785,4,1.1647512333558714
748,52,47917.06119207993,4,1.0451420937635112
749,66,44536.96274768094,2,1.274231390376431
750,52,61293.135164209554,3,1.3309513166414735
751,65,45206.64856521379,3,0.810239781214373
752,53,64222.65238043452,4,0.9450696098382149
753,35,64693.89426261299,4,1.2992651076583357
754,66,29977.942426715344,1,1.070634120843684
755,56,66638.90303334386,3,1.2637387628591257
756,49,28069.460427471717,2,1.0428738618141908
757,41,67573.70790323766,3,1.0735286066307461
758,40,804253.5788345359,1,0.9110752115827795
759,79,63122.51657403697,4,0.980761713766312
760,49,17645.290329504904,4,1.2237882302553111
761,54,,1,1.1032141779206164
762,29,83691.93448904017,2,1.3420118780612165
763,66,45454.52538502956,4,1.39680946845684
764,72,49479.45019955165,5,1.1791524927517318
765,30,32172.69917110352,4,1.3307871044392414
766,40,54681.19128229504,5,1.014833159236199
767,42,69037.65773814694,1,1.0904798507800548
768,52,60466.05692224181,1,1.2989443733517816
769,58,97129.50465931698,4,1.0703483949719215
770,47,50495.40564448696,3,1.2119534546112922
771,34,25539.899488771036,5,0.9297609453577581
772,66,52564.56457352329,2,1.2198399204793486
773,79,13753.223521812652,4,1.4030595950588256
774,37,42003.441127032296,2,1.408047747876398
775,65,74365.73087900318,4,1.307041084430678
776,42,54877.00472947657,3,1.3220273653532884
777,39,52691.25219246903,3,1.1905492116054905
778,30,77311.70565073035,3,1.2092676631160773
779,76,45941.00162504945,3,0.8935554069873626
780,36,68927.30619401163,1,1.1107014318949109
781,66,51939.60462749511,1,1.1155433987204546
782,53,55700.711951885394,5,1.4709484849674181
783,29,31740.427162054806,2,1.1017608038363027
784,78,42769.29807757675,4,1.1845398514319303
785,58,29037.226507341897,4,1.1732759794953718
786,36,48571.323826619824,1,1.245733201931029
787,29,55856.035158744,4,1.323762981932327
788,26,33349.42842362822,1,0.9575293133196106
789,24,80737.68384027235,5,1.170107093368905
790,45,54171.59028637941,2,1.3781423951212213
791,31,50866.93378377829,5,1.124180299686258
792,48,61544.86627018438,3,0.9949202824615011
793,69,,3,1.2582963527494093
794,36,52452.1621875118,3,1.376637177059386
795,75,39247.00669463613,5,0.844198205049174
796,64,73380.19865133474,4,1.343753338385059
797,33,34120.40975904378,2,1.3751535530732397
798,70,50947.4818896076,3,1.1230660493120248
799,22,54939.73677727664,3,1.4883139597729271
800,52,55922.386166115524,3,1.3506958384951164
801,29,41281.472403757514,2,1.341563795426966
802,42,36567.35896782353,3,1.3234870020884504
803,69,41498.072404308514,2,0.9054256722527918
804,76,57924.881513154236,3,0.9520616205171076
805,38,47842.313436320546,5,1.1247930920250975
806,53,61943.13212678782,5,0.9848030449716261
807,70,,2,1.0906686806338284
808,40,15846.30952850588,5,1.4219248769460444
809,33,53712.46695255816,2,1.3770288243154885
810,74,83756.82151724405,5,1.2410279149359875
811,56,69879.03576557497,5,1.4006842759757725
812,62,56330.19741060453,2,1.3486406723120745
813,70,34109.11804295084,4,1.1002894522886233
814,59,57163.30574188469,5,0.9407456064349616
815,75,61096.24909817388,3,1.1599407280065375
816,56,46193.79978758624,4,1.3153602177699852
817,31,54751.130882066565,2,1.105493719110715
818,48,72644.9368759406,4,1.266740336848728
819,75,37140.88370387411,1,0.8660291984037306
820,22,34125.5059256131,1,1.3236033154599824
821,52,60390.48988991319,5,1.3688995339251435
822,40,56863.13954297121,5,1.2947864990463789
823,46,65432.57443119217,3,1.4770845112684559
824,60,58546.90717855655,4,1.3786564402224482
825,28,41483.6740523871,1,1.4321656095135769
826,35,56482.88977198107,5,1.4534997584203535
827,64,32868.101850557396,4,1.360943594311666
828,29,46245.21932400509,5,1.2719811894045494
829,26,57541.98846449606,5,0.8040030069525526
830,-5,,1,1.1260780272561872
831,75,87020.78273344741,1,1.1998136090356528
832,61,21617.236267644996,5,1.0128211907135998
833,34,41787.64464501784,2,1.0226731128324305
834,78,35933.30249195134,5,1.4728115909971158
835,55,39494.7678881307,5,1.424197605641922
836,24,40355.02664778682,3,1.3944253038511931
837,63,30103.689697115104,3,1.0842082611942774
838,30,61290.53222858941,3,0.8095889852862402
839,57,41793.570539193475,2,0.8561555725189999
840,59,52453.60003382982,2,1.0185374577523225
841,26,43477.61357134632,5,0.811020039096974
842,67,39636.79381570686,3,0.8120048473406387
843,44,75084.18854130275,2,1.4416223111496878
844,75,,1,1.2943109514833377
845,19,,5,1.016269193047707
846,22,20387.938274961696,4,0.8928512043206672
847,46,65639.1325345473,5,1.158145002526554
848,54,42202.19912676869,4,0.8037423125980552
849,55,,3,1.456889620700701
850,36,65686.02698810512,4,1.090370583572263
851,25,52536.860751486354,3,1.081634468666133
852,65,53773.56627248479,1,1.0734155253072475
853,62,62143.08908008861,4,0.8485298312714353
854,18,30350.342625764097,5,1.2468255678542786
855,39,25527.48767923753,3,1.3131025337398474
856,69,73714.31442354803,5,1.2732877783118033
857,34,28442.498588865612,2,0.896904845330576
858,24,,3,1.2051881176249148
859,42,34663.46930681351,4,1.1986391389205777
860,62,81199.18885535783,3,1.4078875515589675
861,21,57400.74950617284,5,1.065389360862953
862,53,64481.119616530705,1,1.0600401605616039
863,23,52942.51318368093,3,1.23296894110273
864,77,40971.691831981494,4,1.2431508574496593
865,48,59469.36924890252,2,1.1284996591280532
866,36,26650.76043804795,1,1.1101415536312949
867,78,33570.74821855257,2,1.145903369446518
868,61,60994.62768892222,3,1.4027317096523184
869,71,29641.1715375983,5,1.122816830877737
870,56,47163.7779625719,5,1.4579522543788759
871,44,47847.314834668825,4,1.1528026345174283
872,27,42070.06994994257,5,1.464440485226624
873,43,20733.222877267144,1,1.382982331308353
874,36,40566.06663216961,5,1.0537019258310805
875,56,37625.47434601272,4,1.404548994907631
876,79,52421.59794931548,3,0.8770442989407807
877,20,,3,1.4475330227401102
878,62,55669.42189905311,5,1.2421504605580242
879,30,39860.205905384035,2,0.8380735239656179
880,67,57841.669256988374,3,1.2509797065555681
881,45,26659.899008394754,5,1.4819733579013294
882,79,22671.429010214688,4,0.8488604582302403
883,75,14966.409137500581,5,1.1882813968460604
884,37,42510.54140642004,3,1.3234560448315609
885,45,38700.52663492164,4,1.3671810106896718
886,25,61839.734177819,5,1.089679225724557
887,78,40270.06119426695,1,0.9429165914177702
888,58,54100.645219164006,4,0.8296395951406688
889,56,62199.448648746155,1,1.2058083099680572
890,18,39705.213865263264,2,1.1170377491873276
891,20,54470.78315160763,4,1.4641210766047976
892,30,65028.91323432792,1,0.8424234354004368
893,45,31427.55837791649,3,1.279776740412204
894,79,50372.785073669664,3,0.8174763554840401
895,74,39769.48425201028,2,0.9200039236973799
896,77,32382.651762602924,4,1.117505299945984
897,66,26953.223892646565,4,1.1184107099620078
898,42,32140.27141731949,4,1.2799903800535508
899,73,50900.43508628019,2,1.4371491244074295
900,50,25837.3331665738,4,1.2473225112404447
901,55,41739.094638670445,3,1.4674745684960562
902,70,62197.91610279346,1,1.4171309479145984
903,23,56735.164451284036,3,1.2091498568715533
904,75,42042.38565592765,3,1.3836543656431792
905,61,75345.35620038086,1,1.2498043272265438
906,62,78395.54620867492,3,0.8549904816466091
907,49,50391.836473095886,2,1.3183953062816571
908,62,12971.856261735375,1,0.8664359088871424
909,78,,3,1.2158579463987986
910,64,15590.354899496218,5,1.29184814410076
911,38,72142.19166080099,3,0.8465693257475987
912,33,,2,0.9615562577485722
913,71,76613.1875620703,4,1.4409705625831548
914,38,53903.9833755159,3,1.2314201445630275
915,28,44579.21349227243,4,0.9724002131673721
916,77,43248.48299464664,5,1.2834758398036046
917,54,41806.09743453654,3,1.2177434939731828
918,53,64716.02980512054,1,1.1511029899425638
919,52,60684.07234258817,4,1.4833308824916585
920,36,51803.384501513196,5,1.2784176441852562
921,37,39167.28038109542,1,1.062808776767539
922,74,89438.18946950408,1,1.3600514024538075
923,35,63685.619209443044,1,1.4192083050448314
924,64,26034.321203398868,1,0.8876543916617821
925,58,42256.1597609431,3,0.9403870844916866
926,66,63976.64146113058,3,0.9513589063894459
927,31,38006.91618150974,3,1.2838482665705784
928,32,55273.219382388335,5,1.2221276885372983
929,48,64261.94450504222,5,1.2332940952890117
930,18,-826.4212398458985,5,1.4585413097826507
931,70,48379.43450316125,2,1.3431380729651141
932,71,48968.137303476826,5,0.8895558471582483
933,71,43818.91316474316,3,1.0432549576976267
934,20,54525.42702419061,3,1.104775552323015
935,33,59862.79411243812,2,1.0771731121233235
936,40,52130.764164869135,2,1.2685160264133155
937,74,44392.589089258516,5,1.4243251722795938
938,28,59489.319496764045,4,1.0142360244659516
939,29,50735.801139115356,2,1.1863139954948299
940,27,46539.493802067824,1,1.35258659533951
941,49,30315.809219916213,3,1.0913526411917447
942,33,26560.178221008824,1,0.9176826898795072
943,25,30031.553109288943,3,1.1324656756846239
944,55,54174.93591830322,3,0.83865576452012
945,29,48813.818785904725,2,1.459668417801594
946,41,27795.738526888053,2,0.8523748436364812
947,45,59688.767386907166,1,1.1069197006754048
948,70,70614.64269768643,3,1.1709168827619685
949,25,41022.595749254964,1,1.4897126826010998
950,75,23885.27213947439,4,0.9162152765500026
951,45,39363.10422647131,1,0.880102063028651
952,53,62816.90940192041,5,0.8060943029437806
953,43,58227.94787802161,1,0.9089000058085117
954,25,36163.50970982782,5,0.9450910853473673
955,75,72817.58206647114,5,1.2414066591081645
956,77,70224.20098889599,5,0.9537947532739803
957,67,39004.90905085039,4,0.8143645703105277
958,45,38850.6499555255,1,1.3786328418517422
959,45,41107.580939307656,1,1.0559169907027768
960,54,42390.00836917181,4,1.0475876806065139
961,58,64258.070118926655,3,1.0117353204175485
962,53,56379.93590714891,2,1.4827612940024946
963,44,63156.18154025881,1,0.9190807921164971
964,71,60103.4771478005,2,1.4287666447672644
965,34,75717.90602290598,4,1.3437623324979215
966,26,34109.216842862894,3,0.8535359688495192
967,50,55705.37795575874,3,1.4907103710505942
968,70,17392.681156479535,3,0.9899561744773074
969,37,30245.666388547124,4,0.8690080489156886
970,30,48877.19921097729,5,1.3805199638880317
971,45,56273.09919131804,5,1.29467287357439
972,65,48472.76386955646,2,1.2320531641145305
973,46,41492.11371780983,5,0.9091866045892533
974,30,44158.731837604435,5,1.1349472813791732
975,63,70541.61464636156,3,1.3463892188210496
976,52,44239.51733179789,3,1.0125367567006882
977,78,76238.62433065292,2,1.018182879960529
978,23,61910.256103117004,1,0.8021986342336855
979,35,,2,0.9219703811517657
980,68,32096.046345185066,2,1.412783937585284
981,22,64028.5724209944,4,1.109222544146395
982,64,42593.44133377251,4,1.488964149464104
983,42,32083.403629914505,2,1.0769955745016548
984,19,57692.65419619066,2,1.3006305183461688
985,27,29180.809091501906,2,0.9973433300333104
986,73,38566.37806805626,5,1.0546667487986534
987,47,49848.26132796633,4,0.9335081913136263
988,67,83276.32136172091,2,1.0429436579495766
989,76,39696.26366311269,3,1.1830662642944503
990,62,43126.752210491366,3,1.4942410166854745
991,22,60985.17581632468,5,1.26494119915025
992,72,31425.56467435931,5,0.9394721680858199
993,73,56642.09571531373,1,0.8314730091140858
994,50,68088.90211424882,1,0.8884495369201575
995,71,45393.57672933348,1,1.1937886408911331
996,18,65392.31422095298,5,1.3356122301717366
997,35,54371.74884817709,5,1.458293445110523
998,49,39039.77054294329,5,0.8110762203977746
999,64,47032.9297115524,3,1.1659320990933089
1000,66,44303.639900296366,5,1.1296071493562239
